id,geo_unit,level_1,level_2,level_3
ds_0001,primarschulgemeinde,Bevölkerung und Soziales,Bevölkerungsstand,Gesamtbevölkerung
ds_0002,primarschulgemeinde,Bevölkerung und Soziales,Bildung,Anzahl Schülerinnen und Schüler im Durchschnitt der beiden Stichtage 15.2. und 15.9.
ds_0003,primarschulgemeinde,Bevölkerung und Soziales,Bildung,Anteil Schüler an der Anzahl Einwohner
ds_0004,primarschulgemeinde,Staat und Politik,Steuerkraft und Steuerfüsse,Steuerkraft 100%
ds_0005,primarschulgemeinde,Staat und Politik,Steuerkraft und Steuerfüsse,Steuerkraft pro Einwohner
ds_0006,primarschulgemeinde,Staat und Politik,Steuerkraft und Steuerfüsse,Steuerfuss in %
ds_0007,primarschulgemeinde,Staat und Politik,Steuerkraft und Steuerfüsse,Gesamtsteuerfuss Schule  in %
ds_0008,primarschulgemeinde,Staat und Politik,Steuerkraft und Steuerfüsse,Gemeindesteuerfuss in %
ds_0009,primarschulgemeinde,Staat und Politik,Steuerkraft und Steuerfüsse,Schulsteuerfuss inkl. Gemeindesteuer in %
ds_0010,primarschulgemeinde,Staat und Politik,Beitragsleistungen,Beitragsleistungen gemäss Basisjahr der Berechnungsparameter in CHF
ds_0011,primarschulgemeinde,Staat und Politik,Beitragsleistungen,Beitragsleistungen gemäss Basisjahr der Berechnungsparameter im Verhältnis zur Steuerkraft 100%
ds_0012,primarschulgemeinde,Staat und Politik,Beitragsleistungen,Beitragsleistungen periodisch abgegrenzt in CHF
ds_0013,primarschulgemeinde,Staat und Politik,Beitragsleistungen,Beitragsleistungen periodisch abgegrenzt im Verhältnis zur Steuerkraft 100%
ds_0014,primarschulgemeinde,Staat und Politik,Beitragsleistungen,Beitragsleistungen im Mittelflussjahr gerechnet
ds_0015,primarschulgemeinde,Staat und Politik,Finanzkennzahlen,Nettoinvestitionen für das Verwaltungsvermögen im Rechnungsjahr
ds_0016,primarschulgemeinde,Staat und Politik,Finanzkennzahlen,Nettoschuld (-) / Nettovermögen (+) per 31.12. in CHF
ds_0017,primarschulgemeinde,Staat und Politik,Finanzkennzahlen,Fiskalertrag in CHF
ds_0018,primarschulgemeinde,Staat und Politik,Finanzkennzahlen,Nettoverschuldungsquotient im Rechnungsjahr
ds_0019,primarschulgemeinde,Staat und Politik,Finanzkennzahlen,Zinsbelastung im Rechnungsjahr in CHF
ds_0020,primarschulgemeinde,Staat und Politik,Finanzkennzahlen,Laufender Ertrag im Rechnungsjahr in CHF
ds_0021,primarschulgemeinde,Staat und Politik,Finanzkennzahlen,Zinsbelastungsanteil im Rechnungsjahr
ds_0022,primarschulgemeinde,Staat und Politik,Finanzkennzahlen,Zinsbelastungsrisiko
ds_0023,primarschulgemeinde,Staat und Politik,Finanzkennzahlen,Hypothetischer Prozentsatz für Zinsbelastungsrisiko
ds_0024,primarschulgemeinde,Staat und Politik,Finanzkennzahlen,Verbuchte Gewinnverwendung im Rechnungsjahr
ds_0025,primarschulgemeinde,Staat und Politik,Finanzkennzahlen,Verbuchte Einlagen in den Erneuerungsfonds Baufolgekosten
ds_0026,primarschulgemeinde,Staat und Politik,Finanzkennzahlen,Aufwanddeckung
ds_0027,primarschulgemeinde,Staat und Politik,Finanzkennzahlen,Laufender Aufwand im Rechnungsjahr
ds_0028,primarschulgemeinde,Staat und Politik,Finanzkennzahlen,Eigenkapital im Verhältnis zur Steuerkraft 100% per 31.12.
ds_0029,primarschulgemeinde,Staat und Politik,Finanzkennzahlen,Eigenkapitaldeckungsgrad
ds_0030,primarschulgemeinde,Staat und Politik,Finanzkennzahlen,Erfolgvorgewinnverwendung
ds_0031,primarschulgemeinde,Staat und Politik,Finanzkennzahlen,Erfolg im Rechnungsjahr in CHF
ds_0032,primarschulgemeinde,Staat und Politik,Finanzkennzahlen,Bilanzüberschuss Kontogruppe 299
ds_0033,primarschulgemeinde,Staat und Politik,Finanzkennzahlen,Verwaltungsvermögen per 31.12.
ds_0034,primarschulgemeinde,Staat und Politik,Bilanz,Bilanzkontogruppen 201 und 206 per 31.12. in CHF
ds_0035,primarschulgemeinde,Staat und Politik,Bilanz,Eigenkapital Bilanzkontogruppe 29 per 31.12.
ds_0036,sekundarschulgemeinde,Bevölkerung und Soziales,Bevölkerungsstand,Gesamtbevölkerung
ds_0037,sekundarschulgemeinde,Bevölkerung und Soziales,Bildung,Anzahl Schülerinnen und Schüler im Durchschnitt der beiden Stichtage 15.2. und 15.9.
ds_0038,sekundarschulgemeinde,Bevölkerung und Soziales,Bildung,Anteil Schüler an der Anzahl Einwohner
ds_0039,sekundarschulgemeinde,Staat und Politik,Steuerkraft und Steuerfüsse,Steuerkraft 100%
ds_0040,sekundarschulgemeinde,Staat und Politik,Steuerkraft und Steuerfüsse,Steuerkraft pro Einwohner
ds_0041,sekundarschulgemeinde,Staat und Politik,Steuerkraft und Steuerfüsse,Steuerfuss in %
ds_0042,sekundarschulgemeinde,Staat und Politik,Beitragsleistungen,Beitragsleistungen gemäss Basisjahr der Berechnungsparameter in CHF
ds_0043,sekundarschulgemeinde,Staat und Politik,Beitragsleistungen,Beitragsleistungen gemäss Basisjahr der Berechnungsparameter im Verhältnis zur Steuerkraft 100%
ds_0044,sekundarschulgemeinde,Staat und Politik,Beitragsleistungen,Beitragsleistungen periodisch abgegrenzt in CHF
ds_0045,sekundarschulgemeinde,Staat und Politik,Beitragsleistungen,Beitragsleistungen periodisch abgegrenzt im Verhältnis zur Steuerkraft 100%
ds_0046,sekundarschulgemeinde,Staat und Politik,Beitragsleistungen,Beitragsleistungen im Mittelflussjahr gerechnet
ds_0047,sekundarschulgemeinde,Staat und Politik,Finanzkennzahlen,Nettoinvestitionen für das Verwaltungsvermögen im Rechnungsjahr
ds_0048,sekundarschulgemeinde,Staat und Politik,Finanzkennzahlen,Nettoschuld (-) / Nettovermögen (+) per 31.12. in CHF
ds_0049,sekundarschulgemeinde,Staat und Politik,Finanzkennzahlen,Fiskalertrag in CHF
ds_0050,sekundarschulgemeinde,Staat und Politik,Finanzkennzahlen,Nettoverschuldungsquotient im Rechnungsjahr
ds_0051,sekundarschulgemeinde,Staat und Politik,Finanzkennzahlen,Zinsbelastung im Rechnungsjahr in CHF
ds_0052,sekundarschulgemeinde,Staat und Politik,Finanzkennzahlen,Laufender Ertrag im Rechnungsjahr in CHF
ds_0053,sekundarschulgemeinde,Staat und Politik,Finanzkennzahlen,Zinsbelastungsanteil im Rechnungsjahr
ds_0054,sekundarschulgemeinde,Staat und Politik,Finanzkennzahlen,Zinsbelastungsrisiko
ds_0055,sekundarschulgemeinde,Staat und Politik,Finanzkennzahlen,Hypothetischer Prozentsatz für Zinsbelastungsrisiko
ds_0056,sekundarschulgemeinde,Staat und Politik,Finanzkennzahlen,Verbuchte Gewinnverwendung im Rechnungsjahr
ds_0057,sekundarschulgemeinde,Staat und Politik,Finanzkennzahlen,Verbuchte Einlagen in den Erneuerungsfonds Baufolgekosten
ds_0058,sekundarschulgemeinde,Staat und Politik,Finanzkennzahlen,Aufwanddeckung
ds_0059,sekundarschulgemeinde,Staat und Politik,Finanzkennzahlen,Laufender Aufwand im Rechnungsjahr
ds_0060,sekundarschulgemeinde,Staat und Politik,Finanzkennzahlen,Eigenkapital im Verhältnis zur Steuerkraft 100% per 31.12.
ds_0061,sekundarschulgemeinde,Staat und Politik,Finanzkennzahlen,Eigenkapitaldeckungsgrad
ds_0062,sekundarschulgemeinde,Staat und Politik,Finanzkennzahlen,Erfolgvorgewinnverwendung
ds_0063,sekundarschulgemeinde,Staat und Politik,Finanzkennzahlen,Erfolg im Rechnungsjahr in CHF
ds_0064,sekundarschulgemeinde,Staat und Politik,Finanzkennzahlen,Bilanzüberschuss Kontogruppe 299
ds_0065,sekundarschulgemeinde,Staat und Politik,Finanzkennzahlen,Verwaltungsvermögen per 31.12.
ds_0066,sekundarschulgemeinde,Staat und Politik,Bilanz,Bilanzkontogruppen 201 und 206 per 31.12. in CHF
ds_0067,sekundarschulgemeinde,Staat und Politik,Bilanz,Eigenkapital Bilanzkontogruppe 29 per 31.12.
ds_0068,volksschulgemeinde,Bevölkerung und Soziales,Bevölkerungsstand,Gesamtbevölkerung
ds_0069,volksschulgemeinde,Bevölkerung und Soziales,Bildung,Anzahl Schülerinnen und Schüler im Durchschnitt der beiden Stichtage 15.2. und 15.9.
ds_0070,volksschulgemeinde,Bevölkerung und Soziales,Bildung,Anteil Schüler an der Anzahl Einwohner
ds_0071,volksschulgemeinde,Staat und Politik,Steuerkraft und Steuerfüsse,Steuerkraft 100%
ds_0072,volksschulgemeinde,Staat und Politik,Steuerkraft und Steuerfüsse,Steuerkraft pro Einwohner
ds_0073,volksschulgemeinde,Staat und Politik,Steuerkraft und Steuerfüsse,Steuerfuss in %
ds_0074,volksschulgemeinde,Staat und Politik,Steuerkraft und Steuerfüsse,Gesamtsteuerfuss Schule  in %
ds_0075,volksschulgemeinde,Staat und Politik,Steuerkraft und Steuerfüsse,Gemeindesteuerfuss in %
ds_0076,volksschulgemeinde,Staat und Politik,Steuerkraft und Steuerfüsse,Schulsteuerfuss inkl. Gemeindesteuer in %
ds_0077,volksschulgemeinde,Staat und Politik,Beitragsleistungen,Beitragsleistungen gemäss Basisjahr der Berechnungsparameter in CHF
ds_0078,volksschulgemeinde,Staat und Politik,Beitragsleistungen,Beitragsleistungen gemäss Basisjahr der Berechnungsparameter im Verhältnis zur Steuerkraft 100%
ds_0079,volksschulgemeinde,Staat und Politik,Beitragsleistungen,Beitragsleistungen periodisch abgegrenzt in CHF
ds_0080,volksschulgemeinde,Staat und Politik,Beitragsleistungen,Beitragsleistungen periodisch abgegrenzt im Verhältnis zur Steuerkraft 100%
ds_0081,volksschulgemeinde,Staat und Politik,Beitragsleistungen,Beitragsleistungen im Mittelflussjahr gerechnet
ds_0082,volksschulgemeinde,Staat und Politik,Finanzkennzahlen,Nettoinvestitionen für das Verwaltungsvermögen im Rechnungsjahr
ds_0083,volksschulgemeinde,Staat und Politik,Finanzkennzahlen,Nettoschuld (-) / Nettovermögen (+) per 31.12. in CHF
ds_0084,volksschulgemeinde,Staat und Politik,Finanzkennzahlen,Fiskalertrag in CHF
ds_0085,volksschulgemeinde,Staat und Politik,Finanzkennzahlen,Nettoverschuldungsquotient im Rechnungsjahr
ds_0086,volksschulgemeinde,Staat und Politik,Finanzkennzahlen,Zinsbelastung im Rechnungsjahr in CHF
ds_0087,volksschulgemeinde,Staat und Politik,Finanzkennzahlen,Laufender Ertrag im Rechnungsjahr in CHF
ds_0088,volksschulgemeinde,Staat und Politik,Finanzkennzahlen,Zinsbelastungsanteil im Rechnungsjahr
ds_0089,volksschulgemeinde,Staat und Politik,Finanzkennzahlen,Zinsbelastungsrisiko
ds_0090,volksschulgemeinde,Staat und Politik,Finanzkennzahlen,Hypothetischer Prozentsatz für Zinsbelastungsrisiko
ds_0091,volksschulgemeinde,Staat und Politik,Finanzkennzahlen,Verbuchte Gewinnverwendung im Rechnungsjahr
ds_0092,volksschulgemeinde,Staat und Politik,Finanzkennzahlen,Verbuchte Einlagen in den Erneuerungsfonds Baufolgekosten
ds_0093,volksschulgemeinde,Staat und Politik,Finanzkennzahlen,Aufwanddeckung
ds_0094,volksschulgemeinde,Staat und Politik,Finanzkennzahlen,Laufender Aufwand im Rechnungsjahr
ds_0095,volksschulgemeinde,Staat und Politik,Finanzkennzahlen,Eigenkapital im Verhältnis zur Steuerkraft 100% per 31.12.
ds_0096,volksschulgemeinde,Staat und Politik,Finanzkennzahlen,Eigenkapitaldeckungsgrad
ds_0097,volksschulgemeinde,Staat und Politik,Finanzkennzahlen,Erfolgvorgewinnverwendung
ds_0098,volksschulgemeinde,Staat und Politik,Finanzkennzahlen,Erfolg im Rechnungsjahr in CHF
ds_0099,volksschulgemeinde,Staat und Politik,Finanzkennzahlen,Bilanzüberschuss Kontogruppe 299
ds_0100,volksschulgemeinde,Staat und Politik,Finanzkennzahlen,Verwaltungsvermögen per 31.12.
ds_0101,volksschulgemeinde,Staat und Politik,Bilanz,Bilanzkontogruppen 201 und 206 per 31.12. in CHF
ds_0102,volksschulgemeinde,Staat und Politik,Bilanz,Eigenkapital Bilanzkontogruppe 29 per 31.12.
ds_0103,gemeinde,Bauen und Wohnen,Leer stehende Wohnungen,Leer stehende Wohnungen total
ds_0104,gemeinde,Bauen und Wohnen,Leer stehende Wohnungen,Leerwohnungsziffer
ds_0105,gemeinde,Bauen und Wohnen,Bauinvestitionen,Bauinvestitionen nach Kategorie
ds_0106,gemeinde,Bauen und Wohnen,Bauinvestitionen,Bauinvestitionen nach Art der Auftraggeber
ds_0107,gemeinde,Bauen und Wohnen,Bauinvestitionen,Bauinvestitionen total
ds_0108,gemeinde,Bauen und Wohnen,Bauinvestitionen,Bauinvestitionen im Vorjahresvergleich
ds_0109,gemeinde,Bauen und Wohnen,Gebäude und Wohnungen,Wohngebäude total
ds_0110,gemeinde,Bauen und Wohnen,Gebäude und Wohnungen,Wohngebäude nach Bauperiode
ds_0111,gemeinde,Bauen und Wohnen,Gebäude und Wohnungen,Wohngebäude nach Kategorie des Gebäudes
ds_0112,gemeinde,Bauen und Wohnen,Gebäude und Wohnungen,Neu erstellte Wohngebäude
ds_0113,gemeinde,Bauen und Wohnen,Gebäude und Wohnungen,Wohnungen nach Zimmerzahl
ds_0114,gemeinde,Bauen und Wohnen,Gebäude und Wohnungen,Wohnungen total
ds_0115,gemeinde,Bauen und Wohnen,Gebäude und Wohnungen,Neu erstellte Wohnungen nach Zimmerzahl
ds_0116,gemeinde,Bauen und Wohnen,Gebäude und Wohnungen,Neu erstellte Wohnungen total
ds_0117,gemeinde,Bauen und Wohnen,Gebäude und Wohnungen,Anteil neu erstellter Wohnungen am Wohnungsbestand des Vorjahres
ds_0118,gemeinde,Bauen und Wohnen,Gebäude und Wohnungen,Wohngebäude nach Energiequelle der Heizung
ds_0119,gemeinde,Bevölkerung und Soziales,Bevölkerungsstand,Durchschnittsalter der Bevölkerung
ds_0120,gemeinde,Bevölkerung und Soziales,Bevölkerungsstand,Durchschnittsalter der Rentnerinnen und Rentner
ds_0121,gemeinde,Bevölkerung und Soziales,Bevölkerungsstand,Bevölkerungsverteilung nach Geschlecht
ds_0122,gemeinde,Bevölkerung und Soziales,Bevölkerungsstand,Bevölkerungsverteilung nach Altersklasse
ds_0123,gemeinde,Bevölkerung und Soziales,Bevölkerungsstand,Bevölkerungsverteilung nach Konfession
ds_0124,gemeinde,Bevölkerung und Soziales,Bevölkerungsstand,Bevölkerungsverteilung nach Nationalität
ds_0125,gemeinde,Bevölkerung und Soziales,Bevölkerungsstand,Gesamtbevölkerung
ds_0126,gemeinde,Bevölkerung und Soziales,Bevölkerungsentwicklung,Bevölkerungsentwicklung (Vorjahr/5 Jahre)
ds_0127,gemeinde,Bevölkerung und Soziales,Bevölkerungsbewegung,Wanderungssaldo
ds_0128,gemeinde,Bevölkerung und Soziales,Bevölkerungsbewegung,Zuzüge
ds_0129,gemeinde,Bevölkerung und Soziales,Bevölkerungsbewegung,Wegzüge
ds_0130,gemeinde,Bevölkerung und Soziales,Bevölkerungsbewegung,Lebendgeburten
ds_0131,gemeinde,Bevölkerung und Soziales,Bevölkerungsbewegung,Todesfälle
ds_0132,gemeinde,Bevölkerung und Soziales,Bevölkerungsbewegung,Geburtensaldo
ds_0133,gemeinde,Bevölkerung und Soziales,Bevölkerungsbewegung,Heiraten
ds_0134,gemeinde,Bevölkerung und Soziales,Bevölkerungsbewegung,Scheidungen
ds_0135,gemeinde,Bevölkerung und Soziales,Haushalte,Haushalte nach Haushaltsgrösse
ds_0136,gemeinde,Bevölkerung und Soziales,Haushalte,Haushalte insgesamt
ds_0137,gemeinde,Bevölkerung und Soziales,Sozialhilfe,Brutto Sozialhilfeausgaben je Einwohner
ds_0138,gemeinde,Bevölkerung und Soziales,Sozialhilfe,Brutto Sozialhilfeausgaben total
ds_0139,gemeinde,Bevölkerung und Soziales,Sozialhilfe,Netto Sozialhilfeausgaben je Einwohner
ds_0140,gemeinde,Bevölkerung und Soziales,Sozialhilfe,Netto Sozialhilfeausgaben total
ds_0141,gemeinde,Bevölkerung und Soziales,Sozialhilfe,Sozialhilfequote
ds_0142,gemeinde,Raum und Umwelt,Flächennutzung,Fläche nach Flächenart
ds_0143,gemeinde,Raum und Umwelt,Flächennutzung,Fläche total
ds_0144,gemeinde,Raum und Umwelt,Flächennutzung,Landfläche
ds_0145,gemeinde,Raum und Umwelt,Flächennutzung,Bevölkerungsdichte
ds_0146,gemeinde,Staat und Politik,Grossratswahlen,Parteistärken nach Partei
ds_0147,gemeinde,Staat und Politik,Grossratswahlen,Veränderung Parteistärken im Vorjahresvergleich (%-Punkte)
ds_0148,gemeinde,Staat und Politik,Grossratswahlen,Wahlbeteiligung
ds_0149,gemeinde,Staat und Politik,Nationalratswahlen,Parteistärken nach Partei
ds_0150,gemeinde,Staat und Politik,Nationalratswahlen,Veränderung Parteistärken im Vorjahresvergleich (%-Punkte)
ds_0151,gemeinde,Staat und Politik,Nationalratswahlen,Wahlbeteiligung
ds_0152,gemeinde,Staat und Politik,Steuerkraft und Steuerfüsse,Gesamtsteuerfuss
ds_0153,gemeinde,Staat und Politik,Steuerkraft und Steuerfüsse,Gemeindesteuerfuss
ds_0154,gemeinde,Staat und Politik,Steuerkraft und Steuerfüsse,Veränderung der Gemeindesteuerfüsse im Vergleich zu vor 10 Jahren (%-Punkte)
ds_0155,gemeinde,Staat und Politik,Finanzausgleich,"Gesamtauswirkung Finanzausgleich (positive Werte: Abschöpfung, negative Werte: Auszahlung) (CHF)"
ds_0156,gemeinde,Staat und Politik,Finanzausgleich,"Gesamtauswirkung Finanzausgleich pro Einwohner (positive Werte: Abschöpfung, negative Werte: Auszahlung) (CHF)"
ds_0157,gemeinde,Staat und Politik,2009: Eidg. Abstimmungen,29.11.2009: Bundesbeschluss zur Schaffung einer Spezialfinanzierung für Aufgaben im Luftverkehr
ds_0158,gemeinde,Staat und Politik,2009: Eidg. Abstimmungen,29.11.2009: Volksinitiative 'Für ein Verbot von Kriegsmaterial-Exporten'
ds_0159,gemeinde,Staat und Politik,2009: Eidg. Abstimmungen,29.11.2009: Volksinitiative 'Gegen den Bau von Minaretten'
ds_0160,gemeinde,Staat und Politik,2009: Eidg. Abstimmungen,27.09.2009: Bundesbeschluss über den Verzicht auf die Einführung der allgemeinen Volksinitiative
ds_0161,gemeinde,Staat und Politik,2009: Eidg. Abstimmungen,"27.09.2009: Bundesbeschluss über eine befristete Zusatzfinanzierung der Invalidenversicherung durch Anhebung der Mehrwertsteuersätze, geändert durch den Bundesbeschluss vom 12.06.2009 über die Änderung dieses Beschlusses"
ds_0162,gemeinde,Staat und Politik,2009: Eidg. Abstimmungen,17.05.2009: Bundesbeschluss über die Genehmigung und die Umsetzung des Notenaustauschs zwischen der Schweiz und der Europäischen Gemeinschaft betreffend die Übernahme der Verordnung (EG) Nr. 2252/2004 über biometrische Pässe und Reisedokumente (Weiterentwicklung des Schengen-Besitzstands)
ds_0163,gemeinde,Staat und Politik,2009: Eidg. Abstimmungen,17.05.2009: Verfassungsartikel 'Zukunft mit Komplementärmedizin'
ds_0164,gemeinde,Staat und Politik,2009: Eidg. Abstimmungen,08.02.2009: Bundesbeschluss über die Genehmigung der Weiterführung des Freizügigkeitsabkommens zwischen der Schweiz und der Europäischen Gemeinschaft und ihren Mitgliedstaaten sowie über die Genehmigung und die Umsetzung des Protokolls über die Ausdehnung des Freizügigkeitsabkommens auf Bulgarien und Rumänien
ds_0165,gemeinde,Staat und Politik,2010: Eidg. Abstimmungen,28.11.2010: Bundesbeschluss über die Aus- und Wegweisung krimineller Ausländerinnen und Ausländer im Rahmen der Bundesverfassung (Gegenentwurf zur Volksinitiative 'für die Ausschaffung krimineller Ausländer (Ausschaffungsinitiative))
ds_0166,gemeinde,Staat und Politik,2010: Eidg. Abstimmungen,28.11.2010: Volksabstimmung 'Für die Ausschaffung krimineller Ausländer (Ausschaffungsinitiative)'
ds_0167,gemeinde,Staat und Politik,2010: Eidg. Abstimmungen,28.11.2010: Volksinitiative 'Für die Ausschaffung von kriminellen Ausländern': Stichfrage
ds_0168,gemeinde,Staat und Politik,2010: Eidg. Abstimmungen,28.11.2010: Volksinitiative 'Für faire Steuern. Stopp dem Missbrauch beim Steuerwettbewerb (Steuergerechtigskeits-Initiative)'
ds_0169,gemeinde,Staat und Politik,2010: Eidg. Abstimmungen,"26.09.2010: Änderung des Bundesgesetzes über die obligatorische Arbeitslosenversicherung und die Insolvenzentschädigung (Arbeitslosenversicherungsgesetz, AVIG)"
ds_0170,gemeinde,Staat und Politik,2010: Eidg. Abstimmungen,"07.03.2010: Änderung des Bundesgesetzes über die berufliche Alters-, Hinterlassenen- und Invalidenvorsorge (BVG) (Mindestumwandlungssatz)"
ds_0171,gemeinde,Staat und Politik,2010: Eidg. Abstimmungen,07.03.2010: Bundesbeschluss zu einem Verfassungsartikel über die Forschung am Menschen
ds_0172,gemeinde,Staat und Politik,2010: Eidg. Abstimmungen,07.03.2010: Volksinitiative 'Gegen Tierquälerei und für einen besseren Rechtsschutz für Tiere (Tierschutzanwalt-Initiative)'
ds_0173,gemeinde,Staat und Politik,2011: Eidg. Abstimmungen,13.02.2011: Volksinitiative 'Für den Schutz vor Waffengewalt'
ds_0174,gemeinde,Staat und Politik,2012: Eidg. Abstimmungen,25.11.2012: Änderung des Tierseuchengesetzes
ds_0175,gemeinde,Staat und Politik,2012: Eidg. Abstimmungen,23.09.2012: Bundesbeschluss über die Jugendmusikförderung (Gegenentwurf zur Volksinitiative 'jugend + musik')
ds_0176,gemeinde,Staat und Politik,2012: Eidg. Abstimmungen,23.09.2012: Volksinitiative 'Schutz vor Passivrauchen'
ds_0177,gemeinde,Staat und Politik,2012: Eidg. Abstimmungen,23.09.2012: Volksinitiative 'Sicheres Wohnen im Alter'
ds_0178,gemeinde,Staat und Politik,2012: Eidg. Abstimmungen,17.06.2012: Änderung des Bundesgesetzes über die Krankenversicherung (KVG) (Managed Care)
ds_0179,gemeinde,Staat und Politik,2012: Eidg. Abstimmungen,17.06.2012: Volksinitiative 'Eigene vier Wände dank Bausparen'
ds_0180,gemeinde,Staat und Politik,2012: Eidg. Abstimmungen,17.06.2012: Volksinitiative 'Für die Stärkung der Volksrechte in der Aussenpolitik (Staatsverträge vors Volk!)'
ds_0181,gemeinde,Staat und Politik,2012: Eidg. Abstimmungen,11.03.2012: Bundesbeschluss über die Regelung der Geldspiele zugunsten gemeinnütziger Zwecke (Gegenentwurf zur Volksinitiative 'Für Geldspiele im Dienste des Gemeinwohls')
ds_0182,gemeinde,Staat und Politik,2012: Eidg. Abstimmungen,11.03.2012: Bundesgesetz über die Buchpreisbindung (BuPG)
ds_0183,gemeinde,Staat und Politik,2012: Eidg. Abstimmungen,11.03.2012: Volksinitiative '6 Wochen Ferien für alle'
ds_0184,gemeinde,Staat und Politik,2012: Eidg. Abstimmungen,11.03.2012: Volksinitiative 'Für ein steuerlich begünstigtes Bausparen zum Erwerb von selbst genutztem Wohneigentum und zur Finanzierung von baulichen Energiespar- und Umweltschutzmassnahmen (Bau-Sparinitiative)'
ds_0185,gemeinde,Staat und Politik,2012: Eidg. Abstimmungen,11.03.2012: Volksinitiative 'Schluss mit uferlosem Bau von Zweitwohnungen'
ds_0186,gemeinde,Staat und Politik,2013: Eidg. Abstimmungen,"24.11.2013: Änderung des Bundesgesetzes über die Abgabe für die Benützung von Nationalstrassen (Nationalstrassengesetz, NSAG)"
ds_0187,gemeinde,Staat und Politik,2013: Eidg. Abstimmungen,24.11.2013: Volksinitiative '1:12 - für gerechte Löhne'
ds_0188,gemeinde,Staat und Politik,2013: Eidg. Abstimmungen,"24.11.2013: Volksinitiative 'Familieninitiative: Steuerabzüge auch für Eltern, die ihre Kinder selber betreuen'"
ds_0189,gemeinde,Staat und Politik,2013: Eidg. Abstimmungen,"22.09.2013: Änderung des Bundesgesetzes über die Arbeit, Industrie, Gewerbe und Handel (Arbeitsgesetz, ArG)"
ds_0190,gemeinde,Staat und Politik,2013: Eidg. Abstimmungen,"22.09.2013: Bundesgesetz über die Bekämpfung übertragbarer Krankheiten des Menschen (Epidemiengesetz, EpG)"
ds_0191,gemeinde,Staat und Politik,2013: Eidg. Abstimmungen,22.09.2013: Volksinitiative 'Ja zur Aufhebung der Wehrpflicht'
ds_0192,gemeinde,Staat und Politik,2013: Eidg. Abstimmungen,09.06.2013: Änderung des Asylgesetzes (AsylG) (Dringliche Änderung des Asylgesetzes)
ds_0193,gemeinde,Staat und Politik,2013: Eidg. Abstimmungen,09.06.2013: Volksinitiative 'Volkswahl des Bundesrates'
ds_0194,gemeinde,Staat und Politik,2013: Eidg. Abstimmungen,"03.03.2013: Änderung des Bundesgesetzes über die Raumplanung (Raumplanungsgesetz, RPG)"
ds_0195,gemeinde,Staat und Politik,2013: Eidg. Abstimmungen,03.03.2013: Bundesbeschluss über die Familienpolitik
ds_0196,gemeinde,Staat und Politik,2013: Eidg. Abstimmungen,03.03.2013: Volksinitiative 'Gegen die Abzockerei'
ds_0197,gemeinde,Staat und Politik,2014: Eidg. Abstimmungen,30.11.2014: Volksinitiative 'Rettet unser Schweizer Gold (Gold-Initiative)'
ds_0198,gemeinde,Staat und Politik,2014: Eidg. Abstimmungen,30.11.2014: Volksinitiative 'Schluss mit Steuerprivilegien für Millionäre (Abschaffung der Pauschalbesteuerung)'
ds_0199,gemeinde,Staat und Politik,2014: Eidg. Abstimmungen,30.11.2014: Volksinitiative 'Stopp der Überbevölkerung - zur Sicherung der natürlichen Lebensgrundlage'
ds_0200,gemeinde,Staat und Politik,2014: Eidg. Abstimmungen,28.09.2014: Volksinitiative 'Für eine öffentliche Krankenkasse'
ds_0201,gemeinde,Staat und Politik,2014: Eidg. Abstimmungen,28.09.2014: Volksinitiative 'Schluss mit der Mehrwertsteuer-Diskriminierung des Gastgewerbes!'
ds_0202,gemeinde,Staat und Politik,2014: Eidg. Abstimmungen,18.05.2014: Bundesbeschluss über die medizinische Grundversorgung (direkter Gegenentwurf zur Volksinitiative 'Ja zur Hausarztmedizin')
ds_0203,gemeinde,Staat und Politik,2014: Eidg. Abstimmungen,18.05.2014: Bundesgesetz über den Fonds zur Beschaffung des Kampfflugzeugs Gripen (Gripen-Fonds-Gesetz)
ds_0204,gemeinde,Staat und Politik,2014: Eidg. Abstimmungen,18.05.2014: Volkinitiative 'Pädophile sollen nicht mehr mit Kindern arbeiten dürfen'
ds_0205,gemeinde,Staat und Politik,2014: Eidg. Abstimmungen,18.05.2014: Volksinitiative 'Für den Schutz fairer Löhne (Mindestlohn-Initiative)'
ds_0206,gemeinde,Staat und Politik,2014: Eidg. Abstimmungen,09.02.2014: Bundesbeschluss über die Finanzierung und den Ausbau der Eisenbahninfrastruktur (direkter Gegenentwurf zur Volksinitiative 'Für den öffentlichen Verkehr')
ds_0207,gemeinde,Staat und Politik,2014: Eidg. Abstimmungen,09.02.2014: Volksinitiative 'Abtreibungsfinanzierung ist Privatsache - Entlastung der Krankenversicherung durch Streichung der Kosten des Schwangerschaftsabbruchs aus der obligatorischen Grundversicherung'
ds_0208,gemeinde,Staat und Politik,2014: Eidg. Abstimmungen,09.02.2014: Volksinitiative 'Gegen Masseneinwanderung'
ds_0209,gemeinde,Staat und Politik,2015: Eidg. Abstimmungen,14.06.2015: Änderung des Bundesgesetzes über Radio und Fernsehen (RTVG)
ds_0210,gemeinde,Staat und Politik,2015: Eidg. Abstimmungen,14.06.2015: Bundesbeschluss über die Änderung der Verfassungsbestimmung zur Fortpflanzungsmedizin und Gentechnologie im Humanbereich
ds_0211,gemeinde,Staat und Politik,2015: Eidg. Abstimmungen,14.06.2015: Volksinitiative 'Millionen-Erbschaften besteuern für unsere AHV (Erbschaftssteuerreform)'
ds_0212,gemeinde,Staat und Politik,2015: Eidg. Abstimmungen,14.06.2015: Volksinitiative 'Stipendieninitiative'
ds_0213,gemeinde,Staat und Politik,2015: Eidg. Abstimmungen,08.03.2015: Volksinitiative 'Energie- statt Mehrwertsteuer'
ds_0214,gemeinde,Staat und Politik,2015: Eidg. Abstimmungen,08.03.2015: Volksinitiative 'Familie stärken! Steuerfreie Kinder- und Ausbildungszulagen'
ds_0215,gemeinde,Staat und Politik,2016: Eidg. Abstimmungen,27.11.2016: Volksinitiative 'für den geordneten Ausstieg aus der Atomenergie (Atomausstiegsinitiative)'
ds_0216,gemeinde,Staat und Politik,2016: Eidg. Abstimmungen,"25.09.2016: Bundesgesetz über den Nachrichtendienst (Nachrichtendienstgesetz, NDG)"
ds_0217,gemeinde,Staat und Politik,2016: Eidg. Abstimmungen,25.09.2016: Volksinitiative 'AHVplus: für eine starke AHV'
ds_0218,gemeinde,Staat und Politik,2016: Eidg. Abstimmungen,25.09.2016: Volksinitiative 'für eine nachhaltige und ressourceneffiziente Wirtschaft (Grüne Wirtschaft)'
ds_0219,gemeinde,Staat und Politik,2016: Eidg. Abstimmungen,05.06.2016: Änderung des Asylgesetzes (AsylG)
ds_0220,gemeinde,Staat und Politik,2016: Eidg. Abstimmungen,"05.06.2016: Änderung des Bundesgesetzes über die medizinisch unterstützte Fortpflanzung (Fortpflanzungsmedizingesetz, FMedG)"
ds_0221,gemeinde,Staat und Politik,2016: Eidg. Abstimmungen,05.06.2016: Volksinitiative 'Für ein bedingungsloses Grundeinkommen'
ds_0222,gemeinde,Staat und Politik,2016: Eidg. Abstimmungen,05.06.2016: Volksinitiative 'Für eine faire Verkehrsfinanzierung'
ds_0223,gemeinde,Staat und Politik,2016: Eidg. Abstimmungen,05.06.2016: Volksinitiative 'Pro Service public'
ds_0224,gemeinde,Staat und Politik,2016: Eidg. Abstimmungen,28.02.2016: Änderung des Bundesgesetzes über den Strassentransitverkehr im Alpengebiet (STVG) (Sanierung Gotthard-Strassentunnel)
ds_0225,gemeinde,Staat und Politik,2016: Eidg. Abstimmungen,28.02.2016: Volksinitiative 'Für Ehe und Familie - gegen die Heiratsstrafe'
ds_0226,gemeinde,Staat und Politik,2016: Eidg. Abstimmungen,28.02.2016: Volksinitiative 'Keine Spekulation mit Nahrungsmitteln!'
ds_0227,gemeinde,Staat und Politik,2016: Eidg. Abstimmungen,28.02.2016: Volksinitiative 'Zur Durchsetzung der Ausschaffung krimineller Ausländer (Durchsetzungsinitiative)'
ds_0228,gemeinde,Staat und Politik,2017: Eidg. Abstimmungen,24.09.2017: Bundesbeschluss über die Ernährungssicherheit (direkter Gegenentwurf zur zurückgezogenen Volksinitiative 'Für Ernährungssicherheit')
ds_0229,gemeinde,Staat und Politik,2017: Eidg. Abstimmungen,24.09.2017: Bundesbeschluss über die Zusatzfinanzierung der AHV durch eine Erhöhung der Mehrwertsteuer
ds_0230,gemeinde,Staat und Politik,2017: Eidg. Abstimmungen,24.09.2017: Bundesgesetz über die Reform der Altersvorsorge 2020
ds_0231,gemeinde,Staat und Politik,2017: Eidg. Abstimmungen,21.05.2017: Energiegesetz (EnG)
ds_0232,gemeinde,Staat und Politik,2017: Eidg. Abstimmungen,12.02.2017: Bundesbeschluss über die erleichterte Einbürgerung von Personen der dritten Ausländergeneration
ds_0233,gemeinde,Staat und Politik,2017: Eidg. Abstimmungen,12.02.2017: Bundesbeschluss über die Schaffung eines Fonds für die Nationalstrassen und den Agglomerationsverkehr
ds_0234,gemeinde,Staat und Politik,2017: Eidg. Abstimmungen,12.02.2017: Bundesgesetz über steuerliche Massnahmen zur Stärkung der Wettbewerbsfähigkeit des Unternehmensstandorts Schweiz (Unternehmenssteuerreformgesetz III)
ds_0235,gemeinde,Staat und Politik,2018: Eidg. Abstimmungen,25.11.2018: Volksinitiative 'Für die Würde der landwirtschaftlichen Nutztiere (Hornkuh-Initiative)'
ds_0236,gemeinde,Staat und Politik,2018: Eidg. Abstimmungen,25.11.2018: Volksinitiatve 'Schweizer Recht statt fremde Richter (Selbstbestimmungsinitiative)'
ds_0237,gemeinde,Staat und Politik,2018: Eidg. Abstimmungen,25.11.2018: Änderung des Bundesgesetzes über den Allgemeinen Teil des Sozialversicherungsrechts (ATSG) (Gesetzliche Grundlage für die Überwachung von Versicherten)
ds_0238,gemeinde,Staat und Politik,2018: Eidg. Abstimmungen,"23.09.2018: Bundesbeschluss über die Velowege sowie die Fuss- und Wanderwege (direkter Gegenentwurf zur Volksinitiative 'Zur Förderung der Velo-, Fuss- und Wanderwege [Velo-Initiative]')"
ds_0239,gemeinde,Staat und Politik,2018: Eidg. Abstimmungen,23.09.2018: Volksinitiative 'Für gesunde sowie umweltfreundliche und fair hergestellte Lebensmittel (Fair-Food-Initiative)'
ds_0240,gemeinde,Staat und Politik,2018: Eidg. Abstimmungen,23.09.2018: Volksinitiative 'Für die Würde der landwirtschaftlichen Nutztiere (Hornkuh-Initiative)'
ds_0241,gemeinde,Staat und Politik,2018: Eidg. Abstimmungen,10.06.2018: Volksinitiative 'Für krisensicheres Geld: Geldschöpfung allein durch die Nationalbank! (Vollgeld-Initiative)
ds_0242,gemeinde,Staat und Politik,2018: Eidg. Abstimmungen,"10.06.2018: Bundesgesetz über Geldspiele (Geldspielgesetz, BSG)"
ds_0243,gemeinde,Staat und Politik,2018: Eidg. Abstimmungen,04.03.2018: Bundesbeschluss über die neue Finanzordnung 2021
ds_0244,gemeinde,Staat und Politik,2018: Eidg. Abstimmungen,04.03.2018: Volksinitiative 'Ja zur Abschaffung der Radio- und Fernsehgebühren (Abschaffung der Billag-Gebühren)'
ds_0245,gemeinde,Staat und Politik,2019: Eidg. Abstimmungen,19.05.2019: Bundesgesetz über die Steuerreform und AHV-Finanzierung (STAF)
ds_0246,gemeinde,Staat und Politik,2019: Eidg. Abstimmungen,19.05.2019: Bundesbeschluss über die Genehmigung und die Umsetzung des Notenaustauschs zwischen der Schweiz und der EU betreffend die Übernahme der Richtlinie (EU) 2017/853 zur Änderung der EU-Waffenrichtlinie (Weiterentwicklung des Schengen-Besitzstands)
ds_0247,gemeinde,Staat und Politik,2019: Eidg. Abstimmungen,10.02.2019: Volksinitiative 'Zersiedelung stoppen - für eine nachhaltige Siedlungsentwicklung (Zersiedelungsinitiative)'
ds_0248,gemeinde,Staat und Politik,2020: Eidg. Abstimmungen,29.11.2020: Volksinitiative 'Für verantwortungsvolle Unternehmen - zum Schutz von Mensch und Umwelt'
ds_0249,gemeinde,Staat und Politik,2020: Eidg. Abstimmungen,29.11.2020: Volksinitiative 'Für ein Verbot der Finanzierung von Kriegsmaterialproduzenten'
ds_0250,gemeinde,Staat und Politik,2020: Eidg. Abstimmungen,27.09.2020: Volksinitiative 'Für eine massvolle Zuwanderung'
ds_0251,gemeinde,Staat und Politik,2020: Eidg. Abstimmungen,27.09.2020: Änderung des Jagdgesetzes
ds_0252,gemeinde,Staat und Politik,2020: Eidg. Abstimmungen,27.09.2020: Änderung des Bundesgesetzes über die direkte Bundessteuer (Steuerliche Berücksichtigung der Kinderdrittbetreuungskosten)
ds_0253,gemeinde,Staat und Politik,2020: Eidg. Abstimmungen,27.09.2020: Änderung des Erwerbsersatzgesetzes (Vaterschaftsurlaub)
ds_0254,gemeinde,Staat und Politik,2020: Eidg. Abstimmungen,27.09.2020: Bundesbeschluss über die Beschaffung neuer Kampfflugzeuge
ds_0255,gemeinde,Staat und Politik,2020: Eidg. Abstimmungen,09.02.2020: Volksinitiative 'Mehr bezahlbare Wohnungen'
ds_0256,gemeinde,Staat und Politik,2020: Eidg. Abstimmungen,09.02.2020: Änderung des Strafgesetzbuches und des Militärstrafgesetzes (Diskriminierung und Aufruf zu Hass aufgrund der sexuellen Orientierung)
ds_0257,gemeinde,Staat und Politik,2021: Eidg. Abstimmungen,28.11.2021: Volksinitiative 'Für eine starke Pflege (Pflegeinitiative)'
ds_0258,gemeinde,Staat und Politik,2021: Eidg. Abstimmungen,28.11.2021: Volksinitiative 'Bestimmung der Bundesrichterinnen und Bundesrichter im Losverfahren (Justiz-Initiative)'
ds_0259,gemeinde,Staat und Politik,2021: Eidg. Abstimmungen,28.11.2021: Änderung des Covid-19-Gesetzes
ds_0260,gemeinde,Staat und Politik,2021: Eidg. Abstimmungen,"26.09.2021: Volksinitiative 'Löhne entlasten, Kapital gerecht besteuern'"
ds_0261,gemeinde,Staat und Politik,2021: Eidg. Abstimmungen,26.09.2021: Änderung des Schweizerischen Zivilgesetzbuches (Ehe für alle)
ds_0262,gemeinde,Staat und Politik,2021: Eidg. Abstimmungen,13.06.2021: Volksinitiative'Für sauberes Trinkwasser und gesunde Nahrung - Keine Subventionen für den Pestizid- und den prophylaktischen Antibiotika-Einsatz'
ds_0263,gemeinde,Staat und Politik,2021: Eidg. Abstimmungen,13.06.2021: Volksinitiative'Für eine Schweiz ohne synthetische Pestizide'
ds_0264,gemeinde,Staat und Politik,2021: Eidg. Abstimmungen,13.06.2021: Bundesgesetz über die gesetzlichen Grundlagen für Verordnungen des Bundesrates zur Bewältigung der Covid-19-Epidemie (Covid-19-Gesetz)
ds_0265,gemeinde,Staat und Politik,2021: Eidg. Abstimmungen,13.06.2021: Bundesgesetz über die Verminderung von Treibhausgasemissionen (CO2-Gesetz)
ds_0266,gemeinde,Staat und Politik,2021: Eidg. Abstimmungen,13.06.2021: Bundesgesetz über polizeiliche Massnahmen zur Bekämpfung von Terrorismus (PMT)
ds_0267,gemeinde,Staat und Politik,2021: Eidg. Abstimmungen,07.03.2021: Volksinitiative 'Ja zum Verhüllungsverbot'
ds_0268,gemeinde,Staat und Politik,2021: Eidg. Abstimmungen,07.03.2021: Bundesgesetz über elektronische Identifizierungsdienste (E-ID-Gesetz)
ds_0269,gemeinde,Staat und Politik,2021: Eidg. Abstimmungen,07.03.2021: Wirtschaftspartnerschaftsabkommen mit Indonesien
ds_0270,gemeinde,Staat und Politik,2022: Eidg. Abstimmungen,25.09.2022: Massentierhaltungsinitiative
ds_0271,gemeinde,Staat und Politik,2022: Eidg. Abstimmungen,25.09.2022: Zusatzfinanzierung der AHV durch eine Erhöhung der Mehrwertsteuer
ds_0272,gemeinde,Staat und Politik,2022: Eidg. Abstimmungen,25.09.2022: Änderung des Bundesgesetzes über die Alters- und Hinterlassenenversicherung (AHV 21)
ds_0273,gemeinde,Staat und Politik,2022: Eidg. Abstimmungen,25.09.2022: Änderung des Bundesgesetzes über die Verrechnungssteuer
ds_0274,gemeinde,Staat und Politik,2022: Eidg. Abstimmungen,15.05.2022: Änderung des Filmgesetzes
ds_0275,gemeinde,Staat und Politik,2022: Eidg. Abstimmungen,15.05.2022: Änderung des Transplatationsgesetzes
ds_0276,gemeinde,Staat und Politik,2022: Eidg. Abstimmungen,15.05.2022: Übernahme der EU-Verordnung über die Europäische Grenz- und Küstenwache (Weiterentwicklung des Schengen-Besitzstands)
ds_0277,gemeinde,Staat und Politik,2022: Eidg. Abstimmungen,13.02.2022: Volksinitiative 'Ja zum Tier- und Menschenversuchsverbot'
ds_0278,gemeinde,Staat und Politik,2022: Eidg. Abstimmungen,13.02.2022: Volksinitiative 'Ja zum Schutz der Kinder und Jugendlichen vor Tabakwerbung '
ds_0279,gemeinde,Staat und Politik,2022: Eidg. Abstimmungen,13.02.2022: Änderung des Bundesgesetzes über die Stempelabgaben
ds_0280,gemeinde,Staat und Politik,2022: Eidg. Abstimmungen,13.02.2022: Bundesgesetz über ein Massnahmenpaket zugunsten der Medien
ds_0281,gemeinde,Staat und Politik,2023: Eidg. Abstimmungen,18.06.2023: Bundesbeschluss über eine besondere Besteuerung grosser Unternehmensgruppen (Umsetzung des OECD/G20-Projekts zur Besteuerung grosser Unternehmensgruppen)
ds_0282,gemeinde,Staat und Politik,2023: Eidg. Abstimmungen,"18.06.2023: Bundesgesetz über die Ziele im Klimaschutz, die Innovation und die Stärkung der Energiesicherheit (KlG)"
ds_0283,gemeinde,Staat und Politik,2023: Eidg. Abstimmungen,18.06.2023: Änderung des Bundesgesetzes über die gesetzlichen Grundlagen für Verordnungen des Bundesrates zur Bewältigung der Covid-19-Epidemie (Covid-19-Gesetz)
ds_0284,gemeinde,Staat und Politik,2024: Eidg. Abstimmungen,24.11.2024: Bundesbeschluss vom 29. September 2023 über den Ausbauschritt 2023 für die Nationalstrassen (BBl 2023 2302)
ds_0285,gemeinde,Staat und Politik,2024: Eidg. Abstimmungen,24.11.2024: Änderung vom 29. September 2023 des Obligationenrechts (Mietrecht: Untermiete) (BBl 2023 2288)
ds_0286,gemeinde,Staat und Politik,2024: Eidg. Abstimmungen,24.11.2024: Änderung vom 29. September 2023 des Obligationenrechts (Mietrecht: Kündigung wegen Eigenbedarfs) (BBl 2023 2291)
ds_0287,gemeinde,Staat und Politik,2024: Eidg. Abstimmungen,24.11.2024: Änderung vom 22. Dezember 2023 des Bundesgesetzes über die Krankenversicherung (KVG) (Einheitliche Finanzierung der Leistungen) (BBl 2024 31)
ds_0288,gemeinde,Staat und Politik,2024: Eidg. Abstimmungen,22.09.2024: Volksinitiative vom 8. September 2020 'Für die Zukunft unserer Natur und Landschaft (Biodiversitätsinitiative)» (BBl 2024 28)
ds_0289,gemeinde,Staat und Politik,2024: Eidg. Abstimmungen,"22.09.2024: Änderung vom 17. März 2023 des Bundesgesetzes über die berufliche Alters-, Hinterlassenen- und Invalidenvorsorge (BVG) (Reform der beruflichen Vorsorge) (BBl 2023 785)"
ds_0290,gemeinde,Staat und Politik,2024: Eidg. Abstimmungen,09.06.2024: Volksinitiative vom 23. Januar 2020 'Maximal 10 % des Einkommens für die Krankenkassenprämien (Prämien-Entlastungs-Initiative)» (BBl 2023 2285)
ds_0291,gemeinde,Staat und Politik,2024: Eidg. Abstimmungen,09.06.2024: Volksinitiative vom 10. März 2020 'Für tiefere Prämien - Kostenbremse im Gesundheitswesen (Kostenbremse-Initiative)» (BBl 2023 2286)
ds_0292,gemeinde,Staat und Politik,2024: Eidg. Abstimmungen,09.06.2024: Volksinitiative vom 16. Dezember 2021 'Für Freiheit und körperliche Unversehrtheit» (BBl 2023 2287)
ds_0293,gemeinde,Staat und Politik,2024: Eidg. Abstimmungen,09.06.2024: Bundesgesetz vom 29. September 2023 über eine sichere Stromversorgung mit erneuerbaren Energien (Änderung des Energiegesetzes und des Stromversorgungsgesetzes) (BBl 2023 2301)
ds_0294,gemeinde,Staat und Politik,2024: Eidg. Abstimmungen,03.03.2024: 13. AHV-Rente
ds_0295,gemeinde,Staat und Politik,2024: Eidg. Abstimmungen,03.03.2024: Renteninitiative
ds_0296,gemeinde,Staat und Politik,2025: Eidg. Abstimmungen,09.02.2025: Volksinitiative 'Für eine verantwortungsvolle Wirtschaft innerhalb der planetaren Grenzen (Umweltverantwortungsinitiative)'
ds_0297,gemeinde,Staat und Politik,2025: Eidg. Abstimmungen,30.11.2025: Volksinitiative 'Für eine engagierte Schweiz (Service-citoyen-Initiative)»
ds_0298,gemeinde,Staat und Politik,2025: Eidg. Abstimmungen,30.11.2025: Volksinitiative 'Für eine soziale Klimapolitik – steuerlich gerecht finanziert (Initiative für eine Zukunft)»
ds_0299,gemeinde,Staat und Politik,2025: Eidg. Abstimmungen,28.09.2025: Bundesbeschluss vom 20. Dezember 2024 über die kantonalen Liegenschaftssteuern auf Zweitliegenschaften
ds_0300,gemeinde,Staat und Politik,2025: Eidg. Abstimmungen,"28.09.2025: Bundesgesetz vom 20. Dezember 2024 über den elektronischen Identitätsnachweis und andere elektronische Nachweise (E-ID-Gesetz, BGEID)"
ds_0301,gemeinde,Staat und Politik,2009: Kantonale Abstimmungen,29.11.2009: Gesetz betreffend die Änderung der Verfassung des Kantons Thurgau
ds_0302,gemeinde,Staat und Politik,2009: Kantonale Abstimmungen,27.09.2009: Gesetz betreffend die Änderung des Einführungsgesetzes zum Schweizer Zivilgesetzbuch
ds_0303,gemeinde,Staat und Politik,2009: Kantonale Abstimmungen,27.09.2009: Gesetz betreffend die Änderung des Gesetzes über die Staats- und Gemeindesteuern (Steuergesetz)
ds_0304,gemeinde,Staat und Politik,2009: Kantonale Abstimmungen,17.05.2009: Gegenvorschlag des Grossen Rates zur Volksinitiative 'Schutz vor Passivrauchen'
ds_0305,gemeinde,Staat und Politik,2009: Kantonale Abstimmungen,17.05.2009: Volksinitiative 'Schutz vor Passivrauchen'
ds_0306,gemeinde,Staat und Politik,2009: Kantonale Abstimmungen,08.02.2009: Gesetz betreffend die Änderung der Verfassung des Kantons Thurgau
ds_0307,gemeinde,Staat und Politik,2010: Kantonale Abstimmungen,07.03.2010: Thurgauische Volksinitiative 'Ja! Freie Schulwahl für alle.'
ds_0308,gemeinde,Staat und Politik,2011: Kantonale Abstimmungen,23.10.2011: Gesetz betreffend die Änderung der Verfassung des Kantons Thurgau (Abschaffung der Volkswahlen für die Grundbuchämter und Notariate)
ds_0309,gemeinde,Staat und Politik,2011: Kantonale Abstimmungen,15.05.2011: Gegenvorschlag zur Volksinitiative 'Abschaffung der Pauschalbesteuerung - Schweizer und Ausländer gleich behandeln'
ds_0310,gemeinde,Staat und Politik,2011: Kantonale Abstimmungen,15.05.2011: Stichfrage zur Volksinitiative mit Gegenvorschlag 'Abschaffung der Pauschalbesteuerung - Schweizer und Ausländer gleich behandeln'
ds_0311,gemeinde,Staat und Politik,2011: Kantonale Abstimmungen,15.05.2011: Volksinitiative 'Abschaffung der Pauschalbesteuerung - Schweizer und Ausländer gleich behandeln'
ds_0312,gemeinde,Staat und Politik,2011: Kantonale Abstimmungen,15.05.2011: Volksinitiative 'Faires Wahlsystem für die Grossratswahlen'
ds_0313,gemeinde,Staat und Politik,2011: Kantonale Abstimmungen,15.05.2011: Volksinitiative 'Ja zu effizienter und erneuerbarer Energie - natürlich Thurgau!'
ds_0314,gemeinde,Staat und Politik,2011: Kantonale Abstimmungen,13.02.2011: Gesetz betreffend die Änderung der Verfassung des Kantons Thurgau
ds_0315,gemeinde,Staat und Politik,2011: Kantonale Abstimmungen,13.02.2011: Kreditbegehren von 4'800'000 Franken als Baubeitrag des Kantons Thurgau an den Neubau der Dreifachsporthalle Arbon
ds_0316,gemeinde,Staat und Politik,2011: Kantonale Abstimmungen,13.02.2011: Kreditbegehren von 7'630'000 Franken für die Aufstockung des Berufsbildungszentrums Weinfelden
ds_0317,gemeinde,Staat und Politik,2012: Kantonale Abstimmungen,23.09.2012: Beschluss des Grossen Rates betreffend Erweiterung des Strassennetzes (Netzbeschluss um die Bodensee-Thurtalstrasse (BTS) und Oberlandstrasse (OLS))
ds_0318,gemeinde,Staat und Politik,2012: Kantonale Abstimmungen,23.09.2012: Gesetz betreffend die Änderung des Gesetzes über die Strassenverkehrsabgaben
ds_0319,gemeinde,Staat und Politik,2012: Kantonale Abstimmungen,17.06.2012: Planungs- und Baugesetz
ds_0320,gemeinde,Staat und Politik,2016: Kantonale Abstimmungen,27.11.2016: Volksinitiative 'Ja zu einer guten Thurgauer Volksschule'
ds_0321,gemeinde,Staat und Politik,2016: Kantonale Abstimmungen,05.06.2016: Kreditbegehren von 3'000'000 Franken als Anteil des Kantons Thurgau an den Kosten für die nächste Phase (2016-2019) des gemeinsam mit den Kantonen Appenzell Ausserrhoden und St. Gallen geführten Projekts 'Expo2027 Bodensee-Ostschweiz'
ds_0322,gemeinde,Staat und Politik,2017: Kantonale Abstimmungen,26.11.2017: Kreditbegehren von 26'880'000 Franken für Erweiterungsbau 2 der Pädagogischen Hochschule Kreuzlingen
ds_0323,gemeinde,Staat und Politik,2017: Kantonale Abstimmungen,12.02.2017: Volksabstimmung zum Gegenvorschlag zur Volksinitiative 'Ja zu einer intakten Thurgauer Kulturlandschaft'
ds_0324,gemeinde,Staat und Politik,2018: Kantonale Abstimmungen,23.09.2018: Beschluss des Grossen Rates über die Gewährung eines Darlehens von 25.416 Mio. Franken als Anteil des Kantons Thurgau für den Neubau des Ostschweizer Kinderspitals (OKS) in St. Gallen
ds_0325,gemeinde,Staat und Politik,2019: Kantonale Abstimmungen,19.05.2019: Volksinitiative 'Offenheit statt Geheimhaltung / Für transparente Behörden im Thurgau'
ds_0326,gemeinde,Staat und Politik,2020: Kantonale Abstimmungen,29.11.2020: Neubau Schulsportturnhalle am Bildungszentrum für Technik in Frauenfeld
ds_0327,gemeinde,Staat und Politik,2020: Kantonale Abstimmungen,27.09.2020: Ergänzungsbau Regierungsgebäude
ds_0328,gemeinde,Staat und Politik,2020: Kantonale Abstimmungen,09.02.2020: Änderung des Gesetzes über die Staats- und Gemeindesteuern (Steuergesetz)
ds_0329,gemeinde,Staat und Politik,2022: Kantonale Abstimmungen,27.11.2022: Objektkredit von Fr. 16’300’000 für den Erweiterungsbau der Kantonsschule Frauenfeld
ds_0330,gemeinde,Staat und Politik,2023: Kantonale Abstimmungen,18.06.2023: Änderung des Gesetzes über die Energienutzung
ds_0331,gemeinde,Staat und Politik,2023: Kantonale Abstimmungen,18.06.2023: Kreditbegehren über 127.2 Mio. Franken (Fr. 127'203'243.85) betreffend die Verwendung des Agios aus der Ausgabe von Partizipationsscheinen der Thurgauer Kantonalbank (TKB)
ds_0332,gemeinde,Staat und Politik,Gemeindefinanzkennzahlen,Gemeindefinanzkennzahlen
ds_0333,gemeinde,Staat und Politik,2026: Eidg. Abstimmungen,"08.03.2026: Volksinitiative 'Ja zu einer unabhängigen, freien Schweizer Währung mit Münzen oder Banknoten (Bargeld ist Freiheit)»"
ds_0334,gemeinde,Staat und Politik,2026: Eidg. Abstimmungen,08.03.2026: Bundesbeschluss über die schweizerische Währung und die Bargeldversorgung (Gegenvorschlag zur Bargeldinitiative)
ds_0335,gemeinde,Staat und Politik,2026: Eidg. Abstimmungen,08.03.2026: Bargeldinitiative und Gegenvorschlag: Stichfrage
ds_0336,gemeinde,Staat und Politik,2026: Eidg. Abstimmungen,08.03.2026: Volksinitiative '200 Franken sind genug! (SRG-Initiative)»
ds_0337,gemeinde,Staat und Politik,2026: Eidg. Abstimmungen,"08.03.2026: Volksinitiative 'Für eine gerechte Energie- und Klimapolitik: Investieren für Wohlstand, Arbeit und Umwelt (Klimafonds-Initiative)»"
ds_0338,gemeinde,Staat und Politik,2026: Eidg. Abstimmungen,08.03.2026: Bundesgesetz vom 20. Juni 2025 über die Individualbesteuerung
ds_0339,gemeinde,Staat und Politik,2025: Kantonale Abstimmungen,28.09.2025: Ruhetagsgesetz
ds_0340,gemeinde,Staat und Politik,2025: Kantonale Abstimmungen,18.05.2025: Abschaffung der Liegenschaftensteuer
ds_0341,gemeinde,Wirtschaft und Arbeit,Beschäftigte,Veränderung Beschäftigte total gegenüber vor 5 Jahren
ds_0342,gemeinde,Wirtschaft und Arbeit,Beschäftigte,Vorjahresveränderung Beschäftigte total
ds_0343,gemeinde,Wirtschaft und Arbeit,Beschäftigte,Veränderung Beschäftigte nach Sektor gegenüber vor 5 Jahren (in % Punkten)
ds_0344,gemeinde,Wirtschaft und Arbeit,Beschäftigte,Vorjahresveränderung Beschäftigte nach Sektor (in %)
ds_0345,gemeinde,Wirtschaft und Arbeit,Beschäftigte,Beschäftigte total
ds_0346,gemeinde,Wirtschaft und Arbeit,Beschäftigte,Beschäftigte nach Sektor
ds_0347,gemeinde,Wirtschaft und Arbeit,Arbeitsstätten,Veränderung Arbeitsstätten total gegenüber vor 5 Jahren
ds_0348,gemeinde,Wirtschaft und Arbeit,Arbeitsstätten,Vorjahresveränderung Arbeitsstätten total
ds_0349,gemeinde,Wirtschaft und Arbeit,Arbeitsstätten,Veränderung Arbeitsstätten nach Sektor gegenüber vor 5 Jahren (in % Punkten)
ds_0350,gemeinde,Wirtschaft und Arbeit,Arbeitsstätten,Vorjahresveränderung Arbeitsstätten nach Sektor (in %)
ds_0351,gemeinde,Wirtschaft und Arbeit,Arbeitsstätten,Arbeitsstätten total
ds_0352,gemeinde,Wirtschaft und Arbeit,Arbeitsstätten,Arbeitsstätten nach Sektor
ds_0353,gemeinde,Wirtschaft und Arbeit,Grenzgänger/innen,Grenzgänger/innen total
ds_0354,gemeinde,Wirtschaft und Arbeit,Grenzgänger/innen,Anteil Grenzgänger/innen am Total der Beschäftigten
ds_0355,zusatzdaten,Bevölkerung und Soziales,Bevölkerung nach Altersklasse Geschlecht,NA
